timestamp,day_of_week,hour,location,count,capacity,percent
2026-04-26 22:15:06,Sun,22,RPAC 1st Floor Fitness Balcony,26,55,47.3
2026-04-26 22:15:06,Sun,22,RPAC 2nd Floor Cardio Loft,3,37,8.1
2026-04-26 22:15:06,Sun,22,RPAC Aquatic Center - Class Pool,0,32,0.0
2026-04-26 22:15:06,Sun,22,RPAC Aquatic Center - Comp Pool,0,25,0.0
2026-04-26 22:15:06,Sun,22,RPAC Aquatic Center - Hot Tub,0,15,0.0
2026-04-26 22:15:06,Sun,22,RPAC Aquatic Center - Lap Pool,0,24,0.0
2026-04-26 22:15:06,Sun,22,RPAC Aquatic Center - Leisure Pool,0,40,0.0
2026-04-26 22:15:06,Sun,22,RPAC Cardio Canyon,8,68,11.8
2026-04-26 22:15:06,Sun,22,RPAC North Gym,44,230,19.1
2026-04-26 22:15:06,Sun,22,RPAC South Gym,10,230,4.3
2026-04-26 22:15:06,Sun,22,RPAC TWD Gym Courts 1-2,1,241,0.4
2026-04-26 22:15:06,Sun,22,RPAC TWD Gym Courts 3 - 4,5,241,2.1
2026-04-26 22:15:06,Sun,22,RPAC Upper Gym Courts 1 - 2,27,241,11.2
2026-04-26 22:15:06,Sun,22,RPAC Upper Gym Courts 3 - 4 ,12,241,5.0
2026-04-26 22:15:06,Sun,22,RPAC Weight Floor,54,125,43.2
2026-04-26 23:25:06,Sun,23,RPAC 1st Floor Fitness Balcony,26,55,47.3
2026-04-26 23:25:06,Sun,23,RPAC 2nd Floor Cardio Loft,3,37,8.1
2026-04-26 23:25:06,Sun,23,RPAC Aquatic Center - Class Pool,0,32,0.0
2026-04-26 23:25:06,Sun,23,RPAC Aquatic Center - Comp Pool,0,25,0.0
2026-04-26 23:25:06,Sun,23,RPAC Aquatic Center - Hot Tub,0,15,0.0
2026-04-26 23:25:06,Sun,23,RPAC Aquatic Center - Lap Pool,0,24,0.0
2026-04-26 23:25:06,Sun,23,RPAC Aquatic Center - Leisure Pool,0,40,0.0
2026-04-26 23:25:06,Sun,23,RPAC Cardio Canyon,8,68,11.8
2026-04-26 23:25:06,Sun,23,RPAC North Gym,44,230,19.1
2026-04-26 23:25:06,Sun,23,RPAC South Gym,10,230,4.3
2026-04-26 23:25:06,Sun,23,RPAC TWD Gym Courts 1-2,1,241,0.4
2026-04-26 23:25:06,Sun,23,RPAC TWD Gym Courts 3 - 4,5,241,2.1
2026-04-26 23:25:06,Sun,23,RPAC Upper Gym Courts 1 - 2,27,241,11.2
2026-04-26 23:25:06,Sun,23,RPAC Upper Gym Courts 3 - 4 ,12,241,5.0
2026-04-26 23:25:06,Sun,23,RPAC Weight Floor,54,125,43.2
2026-04-27 00:40:24,Mon,0,RPAC 1st Floor Fitness Balcony,26,55,47.3
2026-04-27 00:40:24,Mon,0,RPAC 2nd Floor Cardio Loft,3,37,8.1
2026-04-27 00:40:24,Mon,0,RPAC Aquatic Center - Class Pool,0,32,0.0
2026-04-27 00:40:24,Mon,0,RPAC Aquatic Center - Comp Pool,0,25,0.0
2026-04-27 00:40:24,Mon,0,RPAC Aquatic Center - Hot Tub,0,15,0.0
2026-04-27 00:40:24,Mon,0,RPAC Aquatic Center - Lap Pool,0,24,0.0
2026-04-27 00:40:24,Mon,0,RPAC Aquatic Center - Leisure Pool,0,40,0.0
2026-04-27 00:40:24,Mon,0,RPAC Cardio Canyon,8,68,11.8
2026-04-27 00:40:24,Mon,0,RPAC North Gym,44,230,19.1
2026-04-27 00:40:24,Mon,0,RPAC South Gym,10,230,4.3
2026-04-27 00:40:24,Mon,0,RPAC TWD Gym Courts 1-2,1,241,0.4
2026-04-27 00:40:24,Mon,0,RPAC TWD Gym Courts 3 - 4,5,241,2.1
2026-04-27 00:40:24,Mon,0,RPAC Upper Gym Courts 1 - 2,27,241,11.2
2026-04-27 00:40:24,Mon,0,RPAC Upper Gym Courts 3 - 4 ,12,241,5.0
2026-04-27 00:40:24,Mon,0,RPAC Weight Floor,54,125,43.2
2026-04-27 01:43:20,Mon,1,RPAC 1st Floor Fitness Balcony,26,55,47.3
2026-04-27 01:43:20,Mon,1,RPAC 2nd Floor Cardio Loft,3,37,8.1
2026-04-27 01:43:20,Mon,1,RPAC Aquatic Center - Class Pool,0,32,0.0
2026-04-27 01:43:20,Mon,1,RPAC Aquatic Center - Comp Pool,0,25,0.0
2026-04-27 01:43:20,Mon,1,RPAC Aquatic Center - Hot Tub,0,15,0.0
2026-04-27 01:43:20,Mon,1,RPAC Aquatic Center - Lap Pool,0,24,0.0
2026-04-27 01:43:20,Mon,1,RPAC Aquatic Center - Leisure Pool,0,40,0.0
2026-04-27 01:43:20,Mon,1,RPAC Cardio Canyon,8,68,11.8
2026-04-27 01:43:20,Mon,1,RPAC North Gym,44,230,19.1
2026-04-27 01:43:20,Mon,1,RPAC South Gym,10,230,4.3
2026-04-27 01:43:20,Mon,1,RPAC TWD Gym Courts 1-2,1,241,0.4
2026-04-27 01:43:20,Mon,1,RPAC TWD Gym Courts 3 - 4,5,241,2.1
2026-04-27 01:43:20,Mon,1,RPAC Upper Gym Courts 1 - 2,27,241,11.2
2026-04-27 01:43:20,Mon,1,RPAC Upper Gym Courts 3 - 4 ,12,241,5.0
2026-04-27 01:43:20,Mon,1,RPAC Weight Floor,54,125,43.2
2026-04-27 02:40:02,Mon,2,RPAC 1st Floor Fitness Balcony,26,55,47.3
2026-04-27 02:40:02,Mon,2,RPAC 2nd Floor Cardio Loft,3,37,8.1
2026-04-27 02:40:02,Mon,2,RPAC Aquatic Center - Class Pool,0,32,0.0
2026-04-27 02:40:02,Mon,2,RPAC Aquatic Center - Comp Pool,0,25,0.0
2026-04-27 02:40:02,Mon,2,RPAC Aquatic Center - Hot Tub,0,15,0.0
2026-04-27 02:40:02,Mon,2,RPAC Aquatic Center - Lap Pool,0,24,0.0
2026-04-27 02:40:02,Mon,2,RPAC Aquatic Center - Leisure Pool,0,40,0.0
2026-04-27 02:40:02,Mon,2,RPAC Cardio Canyon,8,68,11.8
2026-04-27 02:40:02,Mon,2,RPAC North Gym,44,230,19.1
2026-04-27 02:40:02,Mon,2,RPAC South Gym,10,230,4.3
2026-04-27 02:40:02,Mon,2,RPAC TWD Gym Courts 1-2,1,241,0.4
2026-04-27 02:40:02,Mon,2,RPAC TWD Gym Courts 3 - 4,5,241,2.1
2026-04-27 02:40:02,Mon,2,RPAC Upper Gym Courts 1 - 2,27,241,11.2
2026-04-27 02:40:02,Mon,2,RPAC Upper Gym Courts 3 - 4 ,12,241,5.0
2026-04-27 02:40:02,Mon,2,RPAC Weight Floor,54,125,43.2
2026-04-27 03:38:48,Mon,3,RPAC 1st Floor Fitness Balcony,26,55,47.3
2026-04-27 03:38:48,Mon,3,RPAC 2nd Floor Cardio Loft,3,37,8.1
2026-04-27 03:38:48,Mon,3,RPAC Aquatic Center - Class Pool,0,32,0.0
2026-04-27 03:38:48,Mon,3,RPAC Aquatic Center - Comp Pool,0,25,0.0
2026-04-27 03:38:48,Mon,3,RPAC Aquatic Center - Hot Tub,0,15,0.0
2026-04-27 03:38:48,Mon,3,RPAC Aquatic Center - Lap Pool,0,24,0.0
2026-04-27 03:38:48,Mon,3,RPAC Aquatic Center - Leisure Pool,0,40,0.0
2026-04-27 03:38:48,Mon,3,RPAC Cardio Canyon,8,68,11.8
2026-04-27 03:38:48,Mon,3,RPAC North Gym,44,230,19.1
2026-04-27 03:38:48,Mon,3,RPAC South Gym,10,230,4.3
2026-04-27 03:38:48,Mon,3,RPAC TWD Gym Courts 1-2,1,241,0.4
2026-04-27 03:38:48,Mon,3,RPAC TWD Gym Courts 3 - 4,5,241,2.1
2026-04-27 03:38:48,Mon,3,RPAC Upper Gym Courts 1 - 2,27,241,11.2
2026-04-27 03:38:48,Mon,3,RPAC Upper Gym Courts 3 - 4 ,12,241,5.0
2026-04-27 03:38:48,Mon,3,RPAC Weight Floor,54,125,43.2
2026-04-27 04:39:07,Mon,4,RPAC 1st Floor Fitness Balcony,26,55,47.3
2026-04-27 04:39:07,Mon,4,RPAC 2nd Floor Cardio Loft,3,37,8.1
2026-04-27 04:39:07,Mon,4,RPAC Aquatic Center - Class Pool,0,32,0.0
2026-04-27 04:39:07,Mon,4,RPAC Aquatic Center - Comp Pool,0,25,0.0
2026-04-27 04:39:07,Mon,4,RPAC Aquatic Center - Hot Tub,0,15,0.0
2026-04-27 04:39:07,Mon,4,RPAC Aquatic Center - Lap Pool,0,24,0.0
2026-04-27 04:39:07,Mon,4,RPAC Aquatic Center - Leisure Pool,0,40,0.0
2026-04-27 04:39:07,Mon,4,RPAC Cardio Canyon,8,68,11.8
2026-04-27 04:39:07,Mon,4,RPAC North Gym,44,230,19.1
2026-04-27 04:39:07,Mon,4,RPAC South Gym,10,230,4.3
2026-04-27 04:39:07,Mon,4,RPAC TWD Gym Courts 1-2,1,241,0.4
2026-04-27 04:39:07,Mon,4,RPAC TWD Gym Courts 3 - 4,5,241,2.1
2026-04-27 04:39:07,Mon,4,RPAC Upper Gym Courts 1 - 2,27,241,11.2
2026-04-27 04:39:07,Mon,4,RPAC Upper Gym Courts 3 - 4 ,12,241,5.0
2026-04-27 04:39:07,Mon,4,RPAC Weight Floor,54,125,43.2
2026-04-27 05:31:44,Mon,5,RPAC 1st Floor Fitness Balcony,26,55,47.3
2026-04-27 05:31:44,Mon,5,RPAC 2nd Floor Cardio Loft,3,37,8.1
2026-04-27 05:31:44,Mon,5,RPAC Aquatic Center - Class Pool,0,32,0.0
2026-04-27 05:31:44,Mon,5,RPAC Aquatic Center - Comp Pool,0,25,0.0
2026-04-27 05:31:44,Mon,5,RPAC Aquatic Center - Hot Tub,0,15,0.0
2026-04-27 05:31:44,Mon,5,RPAC Aquatic Center - Lap Pool,0,24,0.0
2026-04-27 05:31:44,Mon,5,RPAC Aquatic Center - Leisure Pool,0,40,0.0
2026-04-27 05:31:44,Mon,5,RPAC Cardio Canyon,8,68,11.8
2026-04-27 05:31:44,Mon,5,RPAC North Gym,44,230,19.1
2026-04-27 05:31:44,Mon,5,RPAC South Gym,10,230,4.3
2026-04-27 05:31:44,Mon,5,RPAC TWD Gym Courts 1-2,1,241,0.4
2026-04-27 05:31:44,Mon,5,RPAC TWD Gym Courts 3 - 4,5,241,2.1
2026-04-27 05:31:44,Mon,5,RPAC Upper Gym Courts 1 - 2,27,241,11.2
2026-04-27 05:31:44,Mon,5,RPAC Upper Gym Courts 3 - 4 ,12,241,5.0
2026-04-27 05:31:44,Mon,5,RPAC Weight Floor,54,125,43.2
2026-04-27 06:28:26,Mon,6,RPAC 1st Floor Fitness Balcony,26,55,47.3
2026-04-27 06:28:26,Mon,6,RPAC 2nd Floor Cardio Loft,3,37,8.1
2026-04-27 06:28:26,Mon,6,RPAC Aquatic Center - Class Pool,2,32,6.2
2026-04-27 06:28:26,Mon,6,RPAC Aquatic Center - Comp Pool,0,25,0.0
2026-04-27 06:28:26,Mon,6,RPAC Aquatic Center - Hot Tub,0,15,0.0
2026-04-27 06:28:26,Mon,6,RPAC Aquatic Center - Lap Pool,4,24,16.7
2026-04-27 06:28:26,Mon,6,RPAC Aquatic Center - Leisure Pool,0,40,0.0
2026-04-27 06:28:26,Mon,6,RPAC Cardio Canyon,8,68,11.8
2026-04-27 06:28:26,Mon,6,RPAC North Gym,44,230,19.1
2026-04-27 06:28:26,Mon,6,RPAC South Gym,10,230,4.3
2026-04-27 06:28:26,Mon,6,RPAC TWD Gym Courts 1-2,1,241,0.4
2026-04-27 06:28:26,Mon,6,RPAC TWD Gym Courts 3 - 4,5,241,2.1
2026-04-27 06:28:26,Mon,6,RPAC Upper Gym Courts 1 - 2,27,241,11.2
2026-04-27 06:28:26,Mon,6,RPAC Upper Gym Courts 3 - 4 ,12,241,5.0
2026-04-27 06:28:26,Mon,6,RPAC Weight Floor,54,125,43.2
2026-04-27 07:16:52,Mon,7,RPAC 1st Floor Fitness Balcony,26,55,47.3
2026-04-27 07:16:52,Mon,7,RPAC 2nd Floor Cardio Loft,3,37,8.1
2026-04-27 07:16:52,Mon,7,RPAC Aquatic Center - Class Pool,0,32,0.0
2026-04-27 07:16:52,Mon,7,RPAC Aquatic Center - Comp Pool,0,25,0.0
2026-04-27 07:16:52,Mon,7,RPAC Aquatic Center - Hot Tub,0,15,0.0
2026-04-27 07:16:52,Mon,7,RPAC Aquatic Center - Lap Pool,3,24,12.5
2026-04-27 07:16:52,Mon,7,RPAC Aquatic Center - Leisure Pool,0,40,0.0
2026-04-27 07:16:52,Mon,7,RPAC Cardio Canyon,8,68,11.8
2026-04-27 07:16:52,Mon,7,RPAC North Gym,44,230,19.1
2026-04-27 07:16:52,Mon,7,RPAC South Gym,10,230,4.3
2026-04-27 07:16:52,Mon,7,RPAC TWD Gym Courts 1-2,1,241,0.4
2026-04-27 07:16:52,Mon,7,RPAC TWD Gym Courts 3 - 4,5,241,2.1
2026-04-27 07:16:52,Mon,7,RPAC Upper Gym Courts 1 - 2,27,241,11.2
2026-04-27 07:16:52,Mon,7,RPAC Upper Gym Courts 3 - 4 ,12,241,5.0
2026-04-27 07:16:52,Mon,7,RPAC Weight Floor,54,125,43.2
2026-04-27 08:04:53,Mon,8,RPAC 1st Floor Fitness Balcony,26,55,47.3
2026-04-27 08:04:53,Mon,8,RPAC 2nd Floor Cardio Loft,3,37,8.1
2026-04-27 08:04:53,Mon,8,RPAC Aquatic Center - Class Pool,2,32,6.2
2026-04-27 08:04:53,Mon,8,RPAC Aquatic Center - Comp Pool,0,25,0.0
2026-04-27 08:04:53,Mon,8,RPAC Aquatic Center - Hot Tub,0,15,0.0
2026-04-27 08:04:53,Mon,8,RPAC Aquatic Center - Lap Pool,4,24,16.7
2026-04-27 08:04:53,Mon,8,RPAC Aquatic Center - Leisure Pool,0,40,0.0
2026-04-27 08:04:53,Mon,8,RPAC Cardio Canyon,8,68,11.8
2026-04-27 08:04:53,Mon,8,RPAC North Gym,44,230,19.1
2026-04-27 08:04:53,Mon,8,RPAC South Gym,10,230,4.3
2026-04-27 08:04:53,Mon,8,RPAC TWD Gym Courts 1-2,1,241,0.4
2026-04-27 08:04:53,Mon,8,RPAC TWD Gym Courts 3 - 4,5,241,2.1
2026-04-27 08:04:53,Mon,8,RPAC Upper Gym Courts 1 - 2,27,241,11.2
2026-04-27 08:04:53,Mon,8,RPAC Upper Gym Courts 3 - 4 ,12,241,5.0
2026-04-27 08:04:53,Mon,8,RPAC Weight Floor,54,125,43.2
2026-04-27 08:51:42,Mon,8,RPAC 1st Floor Fitness Balcony,26,55,47.3
2026-04-27 08:51:42,Mon,8,RPAC 2nd Floor Cardio Loft,3,37,8.1
2026-04-27 08:51:42,Mon,8,RPAC Aquatic Center - Class Pool,1,32,3.1
2026-04-27 08:51:42,Mon,8,RPAC Aquatic Center - Comp Pool,0,25,0.0
2026-04-27 08:51:42,Mon,8,RPAC Aquatic Center - Hot Tub,2,15,13.3
2026-04-27 08:51:42,Mon,8,RPAC Aquatic Center - Lap Pool,4,24,16.7
2026-04-27 08:51:42,Mon,8,RPAC Aquatic Center - Leisure Pool,0,40,0.0
2026-04-27 08:51:42,Mon,8,RPAC Cardio Canyon,8,68,11.8
2026-04-27 08:51:42,Mon,8,RPAC North Gym,44,230,19.1
2026-04-27 08:51:42,Mon,8,RPAC South Gym,10,230,4.3
2026-04-27 08:51:42,Mon,8,RPAC TWD Gym Courts 1-2,1,241,0.4
2026-04-27 08:51:42,Mon,8,RPAC TWD Gym Courts 3 - 4,5,241,2.1
2026-04-27 08:51:42,Mon,8,RPAC Upper Gym Courts 1 - 2,27,241,11.2
2026-04-27 08:51:42,Mon,8,RPAC Upper Gym Courts 3 - 4 ,12,241,5.0
2026-04-27 08:51:42,Mon,8,RPAC Weight Floor,54,125,43.2
2026-04-27 09:38:46,Mon,9,RPAC 1st Floor Fitness Balcony,26,55,47.3
2026-04-27 09:38:46,Mon,9,RPAC 2nd Floor Cardio Loft,3,37,8.1
2026-04-27 09:38:46,Mon,9,RPAC Aquatic Center - Class Pool,4,32,12.5
2026-04-27 09:38:46,Mon,9,RPAC Aquatic Center - Comp Pool,0,25,0.0
2026-04-27 09:38:46,Mon,9,RPAC Aquatic Center - Hot Tub,4,15,26.7
2026-04-27 09:38:46,Mon,9,RPAC Aquatic Center - Lap Pool,4,24,16.7
2026-04-27 09:38:46,Mon,9,RPAC Aquatic Center - Leisure Pool,0,40,0.0
2026-04-27 09:38:46,Mon,9,RPAC Cardio Canyon,8,68,11.8
2026-04-27 09:38:46,Mon,9,RPAC North Gym,44,230,19.1
2026-04-27 09:38:46,Mon,9,RPAC South Gym,10,230,4.3
2026-04-27 09:38:46,Mon,9,RPAC TWD Gym Courts 1-2,1,241,0.4
2026-04-27 09:38:46,Mon,9,RPAC TWD Gym Courts 3 - 4,5,241,2.1
2026-04-27 09:38:46,Mon,9,RPAC Upper Gym Courts 1 - 2,27,241,11.2
2026-04-27 09:38:46,Mon,9,RPAC Upper Gym Courts 3 - 4 ,12,241,5.0
2026-04-27 09:38:46,Mon,9,RPAC Weight Floor,54,125,43.2
2026-04-27 10:30:20,Mon,10,RPAC 1st Floor Fitness Balcony,26,55,47.3
2026-04-27 10:30:20,Mon,10,RPAC 2nd Floor Cardio Loft,3,37,8.1
2026-04-27 10:30:20,Mon,10,RPAC Aquatic Center - Class Pool,0,32,0.0
2026-04-27 10:30:20,Mon,10,RPAC Aquatic Center - Comp Pool,0,25,0.0
2026-04-27 10:30:20,Mon,10,RPAC Aquatic Center - Hot Tub,0,15,0.0
2026-04-27 10:30:20,Mon,10,RPAC Aquatic Center - Lap Pool,7,24,29.2
2026-04-27 10:30:20,Mon,10,RPAC Aquatic Center - Leisure Pool,0,40,0.0
2026-04-27 10:30:20,Mon,10,RPAC Cardio Canyon,8,68,11.8
2026-04-27 10:30:20,Mon,10,RPAC North Gym,44,230,19.1
2026-04-27 10:30:20,Mon,10,RPAC South Gym,10,230,4.3
2026-04-27 10:30:20,Mon,10,RPAC TWD Gym Courts 1-2,1,241,0.4
2026-04-27 10:30:20,Mon,10,RPAC TWD Gym Courts 3 - 4,5,241,2.1
2026-04-27 10:30:20,Mon,10,RPAC Upper Gym Courts 1 - 2,27,241,11.2
2026-04-27 10:30:20,Mon,10,RPAC Upper Gym Courts 3 - 4 ,12,241,5.0
2026-04-27 10:30:20,Mon,10,RPAC Weight Floor,54,125,43.2
2026-04-27 11:25:12,Mon,11,RPAC 1st Floor Fitness Balcony,26,55,47.3
2026-04-27 11:25:12,Mon,11,RPAC 2nd Floor Cardio Loft,3,37,8.1
2026-04-27 11:25:12,Mon,11,RPAC Aquatic Center - Class Pool,4,32,12.5
2026-04-27 11:25:12,Mon,11,RPAC Aquatic Center - Comp Pool,1,25,4.0
2026-04-27 11:25:12,Mon,11,RPAC Aquatic Center - Hot Tub,0,15,0.0
2026-04-27 11:25:12,Mon,11,RPAC Aquatic Center - Lap Pool,5,24,20.8
2026-04-27 11:25:12,Mon,11,RPAC Aquatic Center - Leisure Pool,0,40,0.0
2026-04-27 11:25:12,Mon,11,RPAC Cardio Canyon,8,68,11.8
2026-04-27 11:25:12,Mon,11,RPAC North Gym,44,230,19.1
2026-04-27 11:25:12,Mon,11,RPAC South Gym,10,230,4.3
2026-04-27 11:25:12,Mon,11,RPAC TWD Gym Courts 1-2,1,241,0.4
2026-04-27 11:25:12,Mon,11,RPAC TWD Gym Courts 3 - 4,5,241,2.1
2026-04-27 11:25:12,Mon,11,RPAC Upper Gym Courts 1 - 2,27,241,11.2
2026-04-27 11:25:12,Mon,11,RPAC Upper Gym Courts 3 - 4 ,12,241,5.0
2026-04-27 11:25:12,Mon,11,RPAC Weight Floor,54,125,43.2
2026-04-27 12:05:24,Mon,12,RPAC 1st Floor Fitness Balcony,26,55,47.3
2026-04-27 12:05:24,Mon,12,RPAC 2nd Floor Cardio Loft,3,37,8.1
2026-04-27 12:05:24,Mon,12,RPAC Aquatic Center - Class Pool,4,32,12.5
2026-04-27 12:05:24,Mon,12,RPAC Aquatic Center - Comp Pool,1,25,4.0
2026-04-27 12:05:24,Mon,12,RPAC Aquatic Center - Hot Tub,0,15,0.0
2026-04-27 12:05:24,Mon,12,RPAC Aquatic Center - Lap Pool,4,24,16.7
2026-04-27 12:05:24,Mon,12,RPAC Aquatic Center - Leisure Pool,0,40,0.0
2026-04-27 12:05:24,Mon,12,RPAC Cardio Canyon,8,68,11.8
2026-04-27 12:05:24,Mon,12,RPAC North Gym,44,230,19.1
2026-04-27 12:05:24,Mon,12,RPAC South Gym,10,230,4.3
2026-04-27 12:05:24,Mon,12,RPAC TWD Gym Courts 1-2,1,241,0.4
2026-04-27 12:05:24,Mon,12,RPAC TWD Gym Courts 3 - 4,5,241,2.1
2026-04-27 12:05:24,Mon,12,RPAC Upper Gym Courts 1 - 2,27,241,11.2
2026-04-27 12:05:24,Mon,12,RPAC Upper Gym Courts 3 - 4 ,12,241,5.0
2026-04-27 12:05:24,Mon,12,RPAC Weight Floor,54,125,43.2
2026-04-27 12:51:46,Mon,12,RPAC 1st Floor Fitness Balcony,26,55,47.3
2026-04-27 12:51:46,Mon,12,RPAC 2nd Floor Cardio Loft,3,37,8.1
2026-04-27 12:51:46,Mon,12,RPAC Aquatic Center - Class Pool,2,32,6.2
2026-04-27 12:51:46,Mon,12,RPAC Aquatic Center - Comp Pool,0,25,0.0
2026-04-27 12:51:46,Mon,12,RPAC Aquatic Center - Hot Tub,0,15,0.0
2026-04-27 12:51:46,Mon,12,RPAC Aquatic Center - Lap Pool,3,24,12.5
2026-04-27 12:51:46,Mon,12,RPAC Aquatic Center - Leisure Pool,0,40,0.0
2026-04-27 12:51:46,Mon,12,RPAC Cardio Canyon,8,68,11.8
2026-04-27 12:51:46,Mon,12,RPAC North Gym,44,230,19.1
2026-04-27 12:51:46,Mon,12,RPAC South Gym,10,230,4.3
2026-04-27 12:51:46,Mon,12,RPAC TWD Gym Courts 1-2,1,241,0.4
2026-04-27 12:51:46,Mon,12,RPAC TWD Gym Courts 3 - 4,5,241,2.1
2026-04-27 12:51:46,Mon,12,RPAC Upper Gym Courts 1 - 2,27,241,11.2
2026-04-27 12:51:46,Mon,12,RPAC Upper Gym Courts 3 - 4 ,12,241,5.0
2026-04-27 12:51:46,Mon,12,RPAC Weight Floor,54,125,43.2
2026-04-27 13:34:25,Mon,13,RPAC 1st Floor Fitness Balcony,26,55,47.3
2026-04-27 13:34:25,Mon,13,RPAC 2nd Floor Cardio Loft,3,37,8.1
2026-04-27 13:34:25,Mon,13,RPAC Aquatic Center - Class Pool,1,32,3.1
2026-04-27 13:34:25,Mon,13,RPAC Aquatic Center - Comp Pool,0,25,0.0
2026-04-27 13:34:25,Mon,13,RPAC Aquatic Center - Hot Tub,0,15,0.0
2026-04-27 13:34:25,Mon,13,RPAC Aquatic Center - Lap Pool,4,24,16.7
2026-04-27 13:34:25,Mon,13,RPAC Aquatic Center - Leisure Pool,0,40,0.0
2026-04-27 13:34:25,Mon,13,RPAC Cardio Canyon,8,68,11.8
2026-04-27 13:34:25,Mon,13,RPAC North Gym,44,230,19.1
2026-04-27 13:34:25,Mon,13,RPAC South Gym,10,230,4.3
2026-04-27 13:34:25,Mon,13,RPAC TWD Gym Courts 1-2,1,241,0.4
2026-04-27 13:34:25,Mon,13,RPAC TWD Gym Courts 3 - 4,5,241,2.1
2026-04-27 13:34:25,Mon,13,RPAC Upper Gym Courts 1 - 2,27,241,11.2
2026-04-27 13:34:25,Mon,13,RPAC Upper Gym Courts 3 - 4 ,12,241,5.0
2026-04-27 13:34:25,Mon,13,RPAC Weight Floor,54,125,43.2
2026-04-27 14:10:08,Mon,14,RPAC 1st Floor Fitness Balcony,26,55,47.3
2026-04-27 14:10:08,Mon,14,RPAC 2nd Floor Cardio Loft,3,37,8.1
2026-04-27 14:10:08,Mon,14,RPAC Aquatic Center - Class Pool,5,32,15.6
2026-04-27 14:10:08,Mon,14,RPAC Aquatic Center - Comp Pool,0,25,0.0
2026-04-27 14:10:08,Mon,14,RPAC Aquatic Center - Hot Tub,0,15,0.0
2026-04-27 14:10:08,Mon,14,RPAC Aquatic Center - Lap Pool,1,24,4.2
2026-04-27 14:10:08,Mon,14,RPAC Aquatic Center - Leisure Pool,0,40,0.0
2026-04-27 14:10:08,Mon,14,RPAC Cardio Canyon,8,68,11.8
2026-04-27 14:10:08,Mon,14,RPAC North Gym,44,230,19.1
2026-04-27 14:10:08,Mon,14,RPAC South Gym,10,230,4.3
2026-04-27 14:10:08,Mon,14,RPAC TWD Gym Courts 1-2,1,241,0.4
2026-04-27 14:10:08,Mon,14,RPAC TWD Gym Courts 3 - 4,5,241,2.1
2026-04-27 14:10:08,Mon,14,RPAC Upper Gym Courts 1 - 2,27,241,11.2
2026-04-27 14:10:08,Mon,14,RPAC Upper Gym Courts 3 - 4 ,12,241,5.0
2026-04-27 14:10:08,Mon,14,RPAC Weight Floor,54,125,43.2
2026-04-27 14:45:02,Mon,14,RPAC 1st Floor Fitness Balcony,26,55,47.3
2026-04-27 14:45:02,Mon,14,RPAC 2nd Floor Cardio Loft,3,37,8.1
2026-04-27 14:45:02,Mon,14,RPAC Aquatic Center - Class Pool,3,32,9.4
2026-04-27 14:45:02,Mon,14,RPAC Aquatic Center - Comp Pool,0,25,0.0
2026-04-27 14:45:02,Mon,14,RPAC Aquatic Center - Hot Tub,0,15,0.0
2026-04-27 14:45:02,Mon,14,RPAC Aquatic Center - Lap Pool,4,24,16.7
2026-04-27 14:45:02,Mon,14,RPAC Aquatic Center - Leisure Pool,0,40,0.0
2026-04-27 14:45:02,Mon,14,RPAC Cardio Canyon,8,68,11.8
2026-04-27 14:45:02,Mon,14,RPAC North Gym,44,230,19.1
2026-04-27 14:45:02,Mon,14,RPAC South Gym,10,230,4.3
2026-04-27 14:45:02,Mon,14,RPAC TWD Gym Courts 1-2,1,241,0.4
2026-04-27 14:45:02,Mon,14,RPAC TWD Gym Courts 3 - 4,5,241,2.1
2026-04-27 14:45:02,Mon,14,RPAC Upper Gym Courts 1 - 2,27,241,11.2
2026-04-27 14:45:02,Mon,14,RPAC Upper Gym Courts 3 - 4 ,12,241,5.0
2026-04-27 14:45:02,Mon,14,RPAC Weight Floor,54,125,43.2
2026-04-27 15:18:25,Mon,15,RPAC 1st Floor Fitness Balcony,26,55,47.3
2026-04-27 15:18:25,Mon,15,RPAC 2nd Floor Cardio Loft,3,37,8.1
2026-04-27 15:18:25,Mon,15,RPAC Aquatic Center - Class Pool,2,32,6.2
2026-04-27 15:18:25,Mon,15,RPAC Aquatic Center - Comp Pool,0,25,0.0
2026-04-27 15:18:25,Mon,15,RPAC Aquatic Center - Hot Tub,0,15,0.0
2026-04-27 15:18:25,Mon,15,RPAC Aquatic Center - Lap Pool,2,24,8.3
2026-04-27 15:18:25,Mon,15,RPAC Aquatic Center - Leisure Pool,0,40,0.0
2026-04-27 15:18:25,Mon,15,RPAC Cardio Canyon,8,68,11.8
2026-04-27 15:18:25,Mon,15,RPAC North Gym,44,230,19.1
2026-04-27 15:18:25,Mon,15,RPAC South Gym,10,230,4.3
2026-04-27 15:18:25,Mon,15,RPAC TWD Gym Courts 1-2,1,241,0.4
2026-04-27 15:18:25,Mon,15,RPAC TWD Gym Courts 3 - 4,5,241,2.1
2026-04-27 15:18:25,Mon,15,RPAC Upper Gym Courts 1 - 2,27,241,11.2
2026-04-27 15:18:25,Mon,15,RPAC Upper Gym Courts 3 - 4 ,12,241,5.0
2026-04-27 15:18:25,Mon,15,RPAC Weight Floor,54,125,43.2
2026-04-27 15:57:26,Mon,15,RPAC 1st Floor Fitness Balcony,26,55,47.3
2026-04-27 15:57:26,Mon,15,RPAC 2nd Floor Cardio Loft,3,37,8.1
2026-04-27 15:57:26,Mon,15,RPAC Aquatic Center - Class Pool,4,32,12.5
2026-04-27 15:57:26,Mon,15,RPAC Aquatic Center - Comp Pool,0,25,0.0
2026-04-27 15:57:26,Mon,15,RPAC Aquatic Center - Hot Tub,0,15,0.0
2026-04-27 15:57:26,Mon,15,RPAC Aquatic Center - Lap Pool,5,24,20.8
2026-04-27 15:57:26,Mon,15,RPAC Aquatic Center - Leisure Pool,0,40,0.0
2026-04-27 15:57:26,Mon,15,RPAC Cardio Canyon,8,68,11.8
2026-04-27 15:57:26,Mon,15,RPAC North Gym,44,230,19.1
2026-04-27 15:57:26,Mon,15,RPAC South Gym,10,230,4.3
2026-04-27 15:57:26,Mon,15,RPAC TWD Gym Courts 1-2,1,241,0.4
2026-04-27 15:57:26,Mon,15,RPAC TWD Gym Courts 3 - 4,5,241,2.1
2026-04-27 15:57:26,Mon,15,RPAC Upper Gym Courts 1 - 2,27,241,11.2
2026-04-27 15:57:26,Mon,15,RPAC Upper Gym Courts 3 - 4 ,12,241,5.0
2026-04-27 15:57:26,Mon,15,RPAC Weight Floor,54,125,43.2
2026-04-27 16:34:10,Mon,16,RPAC 1st Floor Fitness Balcony,26,55,47.3
2026-04-27 16:34:10,Mon,16,RPAC 2nd Floor Cardio Loft,3,37,8.1
2026-04-27 16:34:10,Mon,16,RPAC Aquatic Center - Class Pool,7,32,21.9
2026-04-27 16:34:10,Mon,16,RPAC Aquatic Center - Comp Pool,0,25,0.0
2026-04-27 16:34:10,Mon,16,RPAC Aquatic Center - Hot Tub,0,15,0.0
2026-04-27 16:34:10,Mon,16,RPAC Aquatic Center - Lap Pool,9,24,37.5
2026-04-27 16:34:10,Mon,16,RPAC Aquatic Center - Leisure Pool,0,40,0.0
2026-04-27 16:34:10,Mon,16,RPAC Cardio Canyon,8,68,11.8
2026-04-27 16:34:10,Mon,16,RPAC North Gym,44,230,19.1
2026-04-27 16:34:10,Mon,16,RPAC South Gym,10,230,4.3
2026-04-27 16:34:10,Mon,16,RPAC TWD Gym Courts 1-2,1,241,0.4
2026-04-27 16:34:10,Mon,16,RPAC TWD Gym Courts 3 - 4,5,241,2.1
2026-04-27 16:34:10,Mon,16,RPAC Upper Gym Courts 1 - 2,27,241,11.2
2026-04-27 16:34:10,Mon,16,RPAC Upper Gym Courts 3 - 4 ,12,241,5.0
2026-04-27 16:34:10,Mon,16,RPAC Weight Floor,54,125,43.2
